{
    "accuracy": 0.9871275327771156,
    "recall": 0.9122486288848263,
    "precision": 0.9881188118811881,
    "auc": 0.9553019460213605
}